TargetID,FrameCountIndex,X,Y,ThetaRadians,Timestamp
0,0,918,647,0.5936803817749023,1740668519.2720244
0,1,916,647,0.688078761100769,1740668519.303096
0,2,914,648,0.6199619174003601,1740668519.334228
0,3,912,648,0.5876593589782715,1740668519.3704998
0,4,911,649,0.669148325920105,1740668519.4110353
0,5,908,649,0.8149982690811157,1740668519.44104
0,6,906,650,0.8320672512054443,1740668519.469194
0,7,904,652,0.8314065933227539,1740668519.5004003
0,8,905,652,0.807650089263916,1740668519.5345776
0,9,904,653,0.7391906976699829,1740668519.5679004
0,10,903,653,0.7551441788673401,1740668519.5919452
0,11,900,655,0.6587170362472534,1740668519.62554
0,12,900,656,0.610079824924469,1740668519.651826
0,13,899,659,0.3342258632183075,1740668519.680887
0,14,897,659,0.37432095408439636,1740668519.7100337
0,15,897,659,0.3422711193561554,1740668519.7436602
0,16,896,661,0.35193726420402527,1740668519.7830203
0,17,896,662,0.5132338404655457,1740668519.812623
0,18,895,663,0.496503084897995,1740668519.8524423
0,19,892,662,0.5946102738380432,1740668519.877087
0,20,892,666,0.6527178883552551,1740668519.902797
0,21,893,666,0.645691990852356,1740668519.9270103
0,22,892,668,0.5977275967597961,1740668519.9532974
0,23,891,669,0.6242217421531677,1740668519.9835093
0,24,891,669,0.47807058691978455,1740668520.011047
0,25,892,670,0.5098989605903625,1740668520.0498407
0,26,891,671,0.31967800855636597,1740668520.078313
0,27,892,672,0.27822431921958923,1740668520.1170616
0,28,893,674,0.3712823987007141,1740668520.1423404
0,29,893,675,0.28985074162483215,1740668520.1705174
0,30,893,678,0.2247523069381714,1740668520.2014
0,31,894,679,0.21296025812625885,1740668520.2272043
0,32,894,679,0.15041367709636688,1740668520.2601166
0,33,894,680,0.12452837824821472,1740668520.2890677
0,34,895,681,0.11509938538074493,1740668520.3202531
0,35,896,681,0.040056388825178146,1740668520.3526053
0,36,896,683,2.9971163272857666,1740668520.3856544
0,37,895,683,2.974506139755249,1740668520.420002
0,38,893,685,3.0177254676818848,1740668520.4503238
0,39,892,686,3.124375820159912,1740668520.485318
0,40,892,688,0.02102789469063282,1740668520.520628
0,41,894,691,0.1259487122297287,1740668520.552214
0,42,893,691,0.029755953699350357,1740668520.5778418
0,43,893,692,0.03454955667257309,1740668520.6078746
0,44,892,695,3.095935344696045,1740668520.6367805
0,45,892,695,3.051467180252075,1740668520.6690767
0,46,892,696,0.033514074981212616,1740668520.7005894
0,47,893,699,0.09093881398439407,1740668520.728183
0,48,890,700,0.22010114789009094,1740668520.7569585
0,49,892,701,0.14191663265228271,1740668520.7863677
0,50,884,693,0.059534020721912384,1740668520.8190188
0,51,886,695,0.02410425804555416,1740668520.8523436
0,52,886,698,0.39976200461387634,1740668520.8870037
0,53,886,699,0.5409579277038574,1740668520.9120128
0,54,887,700,0.47089242935180664,1740668520.9390693
0,55,886,698,0.4548369348049164,1740668520.9719484
0,56,883,701,0.4984952509403229,1740668521.0029864
0,57,878,701,0.21316294372081757,1740668521.0380602
0,58,879,708,0.38204798102378845,1740668521.0684226
0,59,874,713,0.5927448272705078,1740668521.1011207
0,60,869,718,0.7626469135284424,1740668521.1342137
0,61,865,718,1.0328036546707153,1740668521.163033
0,62,862,719,1.136076807975769,1740668521.1899097
0,63,859,720,1.107956886291504,1740668521.220255
0,64,859,721,1.0788989067077637,1740668521.252997
0,65,859,722,0.9822049736976624,1740668521.2866724
0,66,858,724,0.8617971539497375,1740668521.3217456
0,67,857,722,0.721976637840271,1740668521.3582284
0,68,857,724,0.6849347949028015,1740668521.3898075
0,69,857,725,0.6869686245918274,1740668521.4207184
0,70,855,726,0.520526111125946,1740668521.4551156
0,71,855,725,0.5882051587104797,1740668521.4857438
0,72,852,728,0.3111458122730255,1740668521.5184758
0,73,850,731,0.3419259190559387,1740668521.5486357
0,74,849,732,0.3621380627155304,1740668521.5739374
0,75,848,732,0.5371384620666504,1740668521.6041596
0,76,846,735,0.5259836316108704,1740668521.6393642
0,77,845,735,0.6036978960037231,1740668521.6705456
0,78,846,737,0.6645703315734863,1740668521.7043717
0,79,840,738,0.6199233531951904,1740668521.7377617
0,80,842,741,0.6766024827957153,1740668521.7712715
0,81,839,741,0.6367003917694092,1740668521.8055866
0,82,839,742,0.49568504095077515,1740668521.8381793
0,83,839,743,0.4856465756893158,1740668521.8731341
0,84,839,743,0.4338850677013397,1740668521.9050255
0,85,839,745,0.4238324463367462,1740668521.9376192
0,86,839,745,0.3491644561290741,1740668521.9697928
0,87,840,747,0.5173059701919556,1740668521.9940436
0,88,843,746,0.7179924845695496,1740668522.0234234
0,89,841,748,0.8341877460479736,1740668522.0561907
0,90,839,750,0.7935413718223572,1740668522.0900133
0,91,836,751,0.8983044624328613,1740668522.1224456
0,92,835,749,0.7162847518920898,1740668522.1550066
0,93,835,750,0.8991118669509888,1740668522.1872032
0,94,830,751,0.8964089155197144,1740668522.222684
0,95,828,753,0.9427012801170349,1740668522.272691
0,96,829,757,1.1310803890228271,1740668522.3062327
0,97,827,752,1.5529471635818481,1740668522.3400717
0,98,828,750,1.351731538772583,1740668522.373688
0,99,827,753,1.4150209426879883,1740668522.4058633
0,100,824,753,1.4107085466384888,1740668522.442488
0,101,822,754,1.274930477142334,1740668522.4779942
0,102,819,754,1.2324717044830322,1740668522.5080376
0,103,818,756,1.0293976068496704,1740668522.54082
0,104,819,756,0.9998968243598938,1740668522.5746055
0,105,818,756,1.0287846326828003,1740668522.606223
0,106,818,755,1.0856577157974243,1740668522.6395185
0,107,818,756,0.9945692420005798,1740668522.673455
0,108,818,756,1.0329573154449463,1740668522.7079058
0,109,818,756,0.9943422079086304,1740668522.7411137
0,110,818,756,1.0306278467178345,1740668522.7748165
0,111,818,756,1.0247677564620972,1740668522.8089738
0,112,818,756,0.9972381591796875,1740668522.8444061
0,113,818,756,1.0287028551101685,1740668522.878244
0,114,818,755,1.0266516208648682,1740668522.9113834
0,115,818,756,1.0773893594741821,1740668522.942098
0,116,818,756,1.0295026302337646,1740668522.9739575
0,117,818,756,0.9998096227645874,1740668523.007106
0,118,818,756,0.9431458115577698,1740668523.0400133
0,119,818,756,0.9169469475746155,1740668523.0803952
0,120,818,757,0.9492192268371582,1740668523.1269886
0,121,818,757,0.9126449227333069,1740668523.157898
0,122,818,757,0.9043599963188171,1740668523.1919255
0,123,818,757,0.9354584813117981,1740668523.229768
0,124,818,757,0.884482741355896,1740668523.2600558
0,125,818,757,0.9013392925262451,1740668523.2910259
0,126,818,757,0.8759722709655762,1740668523.324021
0,127,818,757,0.9312368631362915,1740668523.3572156
0,128,818,757,0.9387506246566772,1740668523.3905602
0,129,818,757,0.9239038228988647,1740668523.4243445
0,130,818,758,0.9369056224822998,1740668523.4581563
0,131,818,758,0.9146438241004944,1740668523.491187
0,132,818,757,0.8900386095046997,1740668523.5293248
0,133,818,757,0.908409833908081,1740668523.5641646
0,134,817,757,0.8428188562393188,1740668523.5926502
0,135,817,758,0.8560440540313721,1740668523.6262321
0,136,817,758,0.8714832067489624,1740668523.6581297
0,137,818,758,0.9144096970558167,1740668523.6921666
0,138,817,757,0.8400479555130005,1740668523.7243516
0,139,817,758,0.8517897725105286,1740668523.7581606
0,140,817,758,0.8490923643112183,1740668523.790508
0,141,817,758,0.9011116027832031,1740668523.8265982
0,142,817,758,0.8687827587127686,1740668523.8597946
0,143,817,758,0.9249704480171204,1740668523.8919353
0,144,816,758,0.9294731616973877,1740668523.9251661
0,145,816,758,0.9559677839279175,1740668523.9577575
0,146,816,758,0.9316828846931458,1740668523.9900873
0,147,816,758,0.9330358505249023,1740668524.021922
0,148,816,758,0.9669491052627563,1740668524.0561836
0,149,816,758,0.9864740371704102,1740668524.0927014
0,150,816,758,0.9566490650177002,1740668524.1246712
0,151,816,758,0.9557276368141174,1740668524.1577346
0,152,816,758,0.9725722074508667,1740668524.18987
0,153,816,758,0.9742071032524109,1740668524.2251315
0,154,816,758,0.974593460559845,1740668524.2605205
1,0,143,1259,3.0131492614746094,1740668519.2720244
1,1,143,1262,3.025825023651123,1740668519.303096
1,2,141,1268,0.027653854340314865,1740668519.334228
1,3,140,1272,0.07344488799571991,1740668519.3704998
1,4,139,1275,0.21251614391803741,1740668519.4110353
1,5,138,1275,0.2975331246852875,1740668519.44104
1,6,137,1278,0.34056368470191956,1740668519.469194
1,7,138,1277,0.3575715124607086,1740668519.5004003
1,8,140,1275,0.2333492934703827,1740668519.5345776
1,9,142,1274,3.1219112873077393,1740668519.5679004
1,10,143,1274,2.8119640350341797,1740668519.5919452
1,11,146,1277,2.711782217025757,1740668519.62554
1,12,148,1279,2.556934356689453,1740668519.651826
1,13,152,1284,2.4948341846466064,1740668519.680887
1,14,155,1285,2.385983467102051,1740668519.7100337
1,15,159,1291,2.341479539871216,1740668519.7436602
1,16,161,1293,2.392374038696289,1740668519.7830203
1,17,163,1297,2.4696226119995117,1740668519.812623
1,18,165,1302,2.5817956924438477,1740668519.8524423
1,19,167,1307,2.7857072353363037,1740668519.877087
1,20,168,1312,2.8547773361206055,1740668519.902797
1,21,170,1316,2.845452308654785,1740668519.9270103
1,22,171,1323,2.939775228500366,1740668519.9532974
1,23,171,1328,2.944824457168579,1740668519.9835093
1,24,171,1334,0.013089412823319435,1740668520.011047
1,25,170,1335,0.10804367065429688,1740668520.0498407
1,26,167,1338,0.2782837450504303,1740668520.078313
1,27,165,1342,0.3701418936252594,1740668520.1170616
1,28,161,1346,0.3409746289253235,1740668520.1423404
1,29,159,1349,0.3485322892665863,1740668520.1705174
1,30,156,1354,0.32040858268737793,1740668520.2014
1,31,154,1357,0.41504809260368347,1740668520.2272043
1,32,152,1361,0.4199382960796356,1740668520.2601166
1,33,149,1364,0.4790918231010437,1740668520.2890677
1,34,147,1363,0.6435791254043579,1740668520.3202531
1,35,147,1363,0.6559058427810669,1740668520.3526053
1,36,145,1364,0.7277727127075195,1740668520.3856544
1,37,140,1366,0.7923579812049866,1740668520.420002
1,38,136,1369,0.7351873517036438,1740668520.4503238
1,39,135,1369,0.7517604827880859,1740668520.485318
1,40,135,1369,0.7432355284690857,1740668520.520628
1,41,135,1370,0.7473188638687134,1740668520.552214
1,42,133,1370,0.7789602875709534,1740668520.5778418
1,43,132,1371,0.7200236916542053,1740668520.6078746
1,44,132,1374,0.5323858857154846,1740668520.6367805
1,45,130,1377,0.3939609229564667,1740668520.6690767
1,46,130,1380,0.38357415795326233,1740668520.7005894
1,47,130,1380,0.3363358974456787,1740668520.728183
1,48,131,1384,0.1280675083398819,1740668520.7569585
1,49,133,1386,0.019064532592892647,1740668520.7863677
1,50,135,1387,2.8974111080169678,1740668520.8190188
1,51,135,1390,2.8246450424194336,1740668520.8523436
1,52,136,1394,2.826981544494629,1740668520.8870037
1,53,137,1397,2.8548240661621094,1740668520.9120128
1,54,138,1401,2.797626495361328,1740668520.9390693
1,55,139,1406,2.8428118228912354,1740668520.9719484
1,56,140,1409,2.915727376937866,1740668521.0029864
1,57,140,1414,3.088547706604004,1740668521.0380602
1,58,140,1419,0.029825584962964058,1740668521.0684226
1,59,141,1423,3.1071066856384277,1740668521.1011207
1,60,141,1427,0.003148737596347928,1740668521.1342137
1,61,140,1434,3.1330950260162354,1740668521.163033
1,62,139,1439,0.043737512081861496,1740668521.1899097
1,63,138,1441,0.12978290021419525,1740668521.220255
1,64,139,1443,3.1200783252716064,1740668521.252997
1,65,141,1444,2.8722543716430664,1740668521.2866724
1,66,144,1446,2.4545021057128906,1740668521.3217456
1,67,147,1447,2.312434434890747,1740668521.3582284
1,68,151,1448,2.060387134552002,1740668521.3898075
1,69,157,1450,1.9268763065338135,1740668521.4207184
1,70,162,1452,1.9010003805160522,1740668521.4551156
1,71,167,1453,1.9419206380844116,1740668521.4857438
1,72,174,1455,1.9074374437332153,1740668521.5184758
1,73,181,1460,1.9842947721481323,1740668521.5486357
1,74,184,1464,2.1698601245880127,1740668521.5739374
1,75,189,1469,2.34814190864563,1740668521.6041596
1,76,193,1475,2.51043963432312,1740668521.6393642
1,77,196,1482,2.648505926132202,1740668521.6705456
1,78,197,1486,2.806156873703003,1740668521.7043717
1,79,197,1494,2.846555471420288,1740668521.7377617
1,80,198,1499,2.864342451095581,1740668521.7712715
1,81,198,1508,2.9501051902770996,1740668521.8055866
1,82,198,1513,2.9952516555786133,1740668521.8381793
1,83,197,1520,0.012290854938328266,1740668521.8731341
1,84,197,1525,0.013834375888109207,1740668521.9050255
1,85,197,1533,3.116330623626709,1740668521.9376192
1,86,196,1538,3.1193037033081055,1740668521.9697928
1,87,196,1546,3.1237823963165283,1740668521.9940436
1,88,193,1551,0.12753988802433014,1740668522.0234234
1,89,191,1554,0.18816402554512024,1740668522.0561907
1,90,188,1561,0.3203551769256592,1740668522.0900133
1,91,187,1562,0.38233768939971924,1740668522.1224456
1,92,186,1562,0.48737964034080505,1740668522.1550066
1,93,185,1563,0.49882712960243225,1740668522.1872032
1,94,184,1565,0.5722396969795227,1740668522.222684
1,95,183,1566,0.5861747860908508,1740668522.272691
1,96,181,1568,0.5625970363616943,1740668522.3062327
1,97,181,1568,0.5466159582138062,1740668522.3400717
1,98,182,1569,0.34132805466651917,1740668522.373688
1,99,182,1571,0.15351644158363342,1740668522.4058633
1,100,184,1574,3.0448384284973145,1740668522.442488
1,101,185,1578,2.9528214931488037,1740668522.4779942
1,102,188,1582,2.8626091480255127,1740668522.5080376
1,103,190,1588,2.8382463455200195,1740668522.54082
1,104,192,1592,2.774270534515381,1740668522.5746055
1,105,195,1595,2.4991343021392822,1740668522.606223
1,106,198,1596,2.2991061210632324,1740668522.6395185
1,107,205,1600,2.133314609527588,1740668522.673455
1,108,208,1602,2.101466417312622,1740668522.7079058
1,109,214,1604,2.074127435684204,1740668522.7411137
1,110,220,1607,2.1144540309906006,1740668522.7748165
1,111,222,1611,2.2629611492156982,1740668522.8089738
1,112,225,1614,2.2629201412200928,1740668522.8444061
1,113,228,1618,2.2955169677734375,1740668522.878244
1,114,233,1624,2.2943620681762695,1740668522.9113834
1,115,236,1628,2.474386215209961,1740668522.942098
1,116,239,1635,2.728158950805664,1740668522.9739575
1,117,241,1639,2.7867112159729004,1740668523.007106
1,118,243,1646,2.769955635070801,1740668523.0400133
1,119,244,1649,2.7886171340942383,1740668523.0803952
1,120,244,1649,2.764998197555542,1740668523.1269886
1,121,244,1649,2.7677175998687744,1740668523.157898
1,122,244,1649,2.7715322971343994,1740668523.1919255
1,123,244,1650,2.7707865238189697,1740668523.229768
1,124,244,1650,2.7707865238189697,1740668523.2600558
1,125,244,1650,2.717315673828125,1740668523.2910259
1,126,248,1653,2.4229941368103027,1740668523.324021
1,127,251,1658,2.3711354732513428,1740668523.3572156
1,128,253,1661,2.4037394523620605,1740668523.3905602
1,129,257,1666,2.44873046875,1740668523.4243445
1,130,259,1671,2.437201976776123,1740668523.4581563
1,131,260,1675,2.7446749210357666,1740668523.491187
1,132,260,1679,2.9008584022521973,1740668523.5293248
1,133,260,1687,3.0186855792999268,1740668523.5641646
1,134,261,1692,2.9751243591308594,1740668523.5926502
1,135,261,1696,2.9604990482330322,1740668523.6262321
1,136,261,1697,2.897115707397461,1740668523.6581297
1,137,261,1698,2.911132574081421,1740668523.6921666
1,138,261,1698,2.900547981262207,1740668523.7243516
1,139,263,1701,2.819223642349243,1740668523.7581606
1,140,264,1705,2.8431642055511475,1740668523.790508
1,141,266,1709,2.7633750438690186,1740668523.8265982
1,142,269,1714,2.6610066890716553,1740668523.8597946
1,143,271,1714,2.496608018875122,1740668523.8919353
1,144,275,1716,2.0585296154022217,1740668523.9251661
1,145,279,1716,1.898821234703064,1740668523.9577575
1,146,282,1717,1.8385435342788696,1740668523.9900873
1,147,283,1717,1.8531196117401123,1740668524.021922
1,148,284,1718,1.8470600843429565,1740668524.0561836
1,149,284,1718,1.8445285558700562,1740668524.0927014
1,150,284,1717,1.8412357568740845,1740668524.1246712
1,151,289,1717,1.748228907585144,1740668524.1577346
1,152,294,1719,1.7331068515777588,1740668524.18987
1,153,300,1721,1.9125059843063354,1740668524.2251315
1,154,306,1724,2.0245072841644287,1740668524.2605205
2,0,1502,176,3.1396591663360596,1740668519.2720244
2,1,1502,178,0.05738961696624756,1740668519.303096
2,2,1502,181,0.233040913939476,1740668519.334228
2,3,1502,183,0.5976778864860535,1740668519.3704998
2,4,1504,184,0.885063111782074,1740668519.4110353
2,5,1507,184,1.0248008966445923,1740668519.44104
2,6,1511,183,1.1474659442901611,1740668519.469194
2,7,1512,184,1.2775142192840576,1740668519.5004003
2,8,1516,185,1.4496643543243408,1740668519.5345776
2,9,1517,186,1.528400182723999,1740668519.5679004
2,10,1517,187,1.803731083869934,1740668519.5919452
2,11,1518,189,2.072798252105713,1740668519.62554
2,12,1522,193,2.1565513610839844,1740668519.651826
2,13,1524,195,2.243520736694336,1740668519.680887
2,14,1528,199,2.1683385372161865,1740668519.7100337
2,15,1535,203,2.225707769393921,1740668519.7436602
2,16,1540,207,2.2085769176483154,1740668519.7830203
2,17,1546,210,2.1525838375091553,1740668519.812623
2,18,1550,213,2.1285746097564697,1740668519.8524423
2,19,1558,218,2.1201975345611572,1740668519.877087
2,20,1561,219,2.0346784591674805,1740668519.902797
2,21,1566,222,2.036292552947998,1740668519.9270103
2,22,1573,223,2.003983736038208,1740668519.9532974
2,23,1577,223,1.756606101989746,1740668519.9835093
2,24,1584,223,1.6600556373596191,1740668520.011047
2,25,1590,223,1.6001399755477905,1740668520.0498407
2,26,1598,222,1.56353759765625,1740668520.078313
2,27,1604,221,1.512136697769165,1740668520.1170616
2,28,1613,220,1.3774408102035522,1740668520.1423404
2,29,1618,219,1.3507905006408691,1740668520.1705174
2,30,1625,219,1.3667320013046265,1740668520.2014
2,31,1631,219,1.51471745967865,1740668520.2272043
2,32,1635,218,1.5685046911239624,1740668520.2601166
2,33,1643,219,1.5666204690933228,1740668520.2890677
2,34,1649,217,1.411538004875183,1740668520.3202531
2,35,1652,215,1.1715370416641235,1740668520.3526053
2,36,1656,214,1.1086164712905884,1740668520.3856544
2,37,1660,211,1.160535216331482,1740668520.420002
2,38,1664,210,1.2453815937042236,1740668520.4503238
2,39,1670,208,1.256059169769287,1740668520.485318
2,40,1675,205,1.3092230558395386,1740668520.520628
2,41,1680,202,1.1328110694885254,1740668520.552214
2,42,1684,199,1.17924964427948,1740668520.5778418
2,43,1688,196,1.191443920135498,1740668520.6078746
2,44,1692,195,1.1671391725540161,1740668520.6367805
2,45,1696,195,1.2811484336853027,1740668520.6690767
2,46,1702,194,1.4625571966171265,1740668520.7005894
2,47,1706,194,1.578734278678894,1740668520.728183
2,48,1712,194,1.6296311616897583,1740668520.7569585
2,49,1715,196,1.8109028339385986,1740668520.7863677
2,50,1721,198,1.9620991945266724,1740668520.8190188
2,51,1726,199,2.0093398094177246,1740668520.8523436
2,52,1732,201,1.995242953300476,1740668520.8870037
2,53,1738,203,2.0045325756073,1740668520.9120128
2,54,1745,205,1.973986268043518,1740668520.9390693
2,55,1749,207,1.9972633123397827,1740668520.9719484
2,56,1756,208,1.9498090744018555,1740668521.0029864
2,57,1762,211,1.9313396215438843,1740668521.0380602
2,58,1770,212,1.9196546077728271,1740668521.0684226
2,59,1775,214,1.9221630096435547,1740668521.1011207
2,60,1781,216,1.905970811843872,1740668521.1342137
2,61,1789,217,1.8095192909240723,1740668521.163033
2,62,1794,219,1.7355223894119263,1740668521.1899097
2,63,1803,218,1.6483460664749146,1740668521.220255
2,64,1809,218,1.5267575979232788,1740668521.252997
2,65,1814,215,1.4214458465576172,1740668521.2866724
2,66,1822,212,1.3490123748779297,1740668521.3217456
2,67,1825,210,1.201704978942871,1740668521.3582284
2,68,1833,205,1.1006847620010376,1740668521.3898075
2,69,1837,204,1.1423163414001465,1740668521.4207184
2,70,1843,199,1.2290606498718262,1740668521.4551156
2,71,1847,197,1.2154179811477661,1740668521.4857438
2,72,1853,196,1.4390790462493896,1740668521.5184758
2,73,1855,197,1.6527470350265503,1740668521.5486357
2,74,1860,200,2.0057218074798584,1740668521.5739374
2,75,1862,203,2.2582716941833496,1740668521.6041596
2,76,1864,208,2.5001494884490967,1740668521.6393642
2,77,1867,212,2.610159158706665,1740668521.6705456
2,78,1869,217,2.7238333225250244,1740668521.7043717
2,79,1871,224,2.7277300357818604,1740668521.7377617
2,80,1875,228,2.7420454025268555,1740668521.7712715
2,81,1879,237,2.6340384483337402,1740668521.8055866
2,82,1883,243,2.7071006298065186,1740668521.8381793
2,83,1888,250,2.6048357486724854,1740668521.8731341
2,84,1892,255,2.4625649452209473,1740668521.9050255
2,85,1898,259,2.3976354598999023,1740668521.9376192
2,86,1902,261,2.087724447250366,1740668521.9697928
2,87,1909,264,1.9545414447784424,1740668521.9940436
2,88,1912,265,1.8969465494155884,1740668522.0234234
2,89,1918,267,1.8585838079452515,1740668522.0561907
2,90,1925,269,1.9750169515609741,1740668522.0900133
2,91,1929,272,2.003394603729248,1740668522.1224456
2,92,1934,277,2.2773492336273193,1740668522.1550066
2,93,1938,280,2.433905601501465,1740668522.1872032
2,94,1942,288,2.4474241733551025,1740668522.222684
2,95,1946,291,2.4824061393737793,1740668522.272691
2,96,1952,296,2.2575509548187256,1740668522.3062327
2,97,1957,298,2.0648043155670166,1740668522.3400717
2,98,1964,300,1.9966106414794922,1740668522.373688
2,99,1970,302,1.9714633226394653,1740668522.4058633
2,100,1978,304,2.0326526165008545,1740668522.442488
2,101,1982,307,1.9819555282592773,1740668522.4779942
2,102,1989,309,2.0387706756591797,1740668522.5080376
2,103,1998,311,1.9953224658966064,1740668522.54082
2,104,2004,312,1.7563591003417969,1740668522.5746055
2,105,2013,311,1.6728986501693726,1740668522.606223
2,106,2021,312,1.5537465810775757,1740668522.6395185
2,107,2030,310,1.6405410766601562,1740668522.673455
2,108,2036,312,1.6591637134552002,1740668522.7079058
2,109,2045,312,1.8572715520858765,1740668522.7411137
2,110,2050,313,1.7670193910598755,1740668522.7748165
2,111,2059,311,1.4740583896636963,1740668522.8089738
2,112,2065,309,1.4279576539993286,1740668522.8444061
2,113,2071,309,1.4133296012878418,1740668522.878244
2,114,2081,306,1.4915682077407837,1740668522.9113834
2,115,2088,305,1.4618374109268188,1740668522.942098
2,116,2098,302,1.5117392539978027,1740668522.9739575
2,117,2104,301,1.442188024520874,1740668523.007106
2,118,2112,298,1.4076005220413208,1740668523.0400133
2,119,2117,295,1.3285666704177856,1740668523.0803952
2,120,2124,293,1.2768856287002563,1740668523.1269886
2,121,2131,291,1.331713318824768,1740668523.157898
2,122,2140,290,1.3834128379821777,1740668523.1919255
2,123,2147,289,1.774440884590149,1740668523.229768
2,124,2153,293,1.8701025247573853,1740668523.2600558
2,125,2162,296,2.0913352966308594,1740668523.2910259
2,126,2166,301,2.1951093673706055,1740668523.324021
2,127,2172,306,2.333071231842041,1740668523.3572156
2,128,2176,312,2.5773894786834717,1740668523.3905602
2,129,2179,321,2.593266010284424,1740668523.4243445
2,130,2185,327,2.673044443130493,1740668523.4581563
2,131,2190,337,2.5613667964935303,1740668523.491187
2,132,2196,343,2.5595693588256836,1740668523.5293248
2,133,2201,352,2.534524440765381,1740668523.5641646
2,134,2207,359,2.604947566986084,1740668523.5926502
2,135,2211,365,2.587578773498535,1740668523.6262321
2,136,2219,372,2.4090659618377686,1740668523.6581297
2,137,2225,375,2.060309410095215,1740668523.6921666
2,138,2234,377,1.95521080493927,1740668523.7243516
2,139,2241,380,1.9578405618667603,1740668523.7581606
2,140,2252,383,1.9648146629333496,1740668523.790508
2,141,2258,387,2.0100808143615723,1740668523.8265982
2,142,2269,391,2.0778942108154297,1740668523.8597946
2,143,2275,394,2.062883138656616,1740668523.8919353
2,144,2285,398,2.080846071243286,1740668523.9251661
2,145,2291,402,2.1009321212768555,1740668523.9577575
2,146,2298,406,2.038839101791382,1740668523.9900873
2,147,2306,408,2.086229085922241,1740668524.021922
2,148,2311,411,1.9684278964996338,1740668524.0561836
2,149,2320,411,1.722977876663208,1740668524.0927014
2,150,2325,410,1.5369822978973389,1740668524.1246712
2,151,2332,410,1.4836076498031616,1740668524.1577346
2,152,2339,408,1.5504140853881836,1740668524.18987
2,153,2347,410,1.7123926877975464,1740668524.2251315
2,154,2353,412,2.0592172145843506,1740668524.2605205
3,0,1867,1081,2.598583936691284,1740668519.2720244
3,1,1867,1081,2.5476770401000977,1740668519.303096
3,2,1868,1081,2.56772518157959,1740668519.334228
3,3,1868,1081,2.5658600330352783,1740668519.3704998
3,4,1868,1081,2.5395290851593018,1740668519.4110353
3,5,1867,1080,2.538954734802246,1740668519.44104
3,6,1867,1080,2.563359022140503,1740668519.469194
3,7,1868,1081,2.581263542175293,1740668519.5004003
3,8,1868,1080,2.627131700515747,1740668519.5345776
3,9,1868,1080,2.608855962753296,1740668519.5679004
3,10,1867,1080,2.6084749698638916,1740668519.5919452
3,11,1867,1080,2.6009304523468018,1740668519.62554
3,12,1867,1080,2.6005189418792725,1740668519.651826
3,13,1867,1080,2.622222900390625,1740668519.680887
3,14,1867,1080,2.6394705772399902,1740668519.7100337
3,15,1868,1080,2.66670823097229,1740668519.7436602
3,16,1868,1080,2.691148042678833,1740668519.7830203
3,17,1868,1080,2.6818151473999023,1740668519.812623
3,18,1868,1080,2.678751230239868,1740668519.8524423
3,19,1866,1081,2.563323974609375,1740668519.877087
3,20,1866,1080,2.5484654903411865,1740668519.902797
3,21,1866,1079,2.4822511672973633,1740668519.9270103
3,22,1866,1080,2.563168525695801,1740668519.9532974
3,23,1866,1079,2.5356345176696777,1740668519.9835093
3,24,1865,1079,2.5005762577056885,1740668520.011047
3,25,1866,1079,2.520503282546997,1740668520.0498407
3,26,1865,1078,2.524789571762085,1740668520.078313
3,27,1865,1077,2.490762233734131,1740668520.1170616
3,28,1865,1077,2.5057363510131836,1740668520.1423404
3,29,1864,1077,2.5659377574920654,1740668520.1705174
3,30,1864,1078,2.5529727935791016,1740668520.2014
3,31,1864,1078,2.529745578765869,1740668520.2272043
3,32,1863,1078,2.3131206035614014,1740668520.2601166
3,33,1861,1076,2.295713186264038,1740668520.2890677
3,34,1858,1073,2.4407222270965576,1740668520.3202531
3,35,1856,1069,2.473930597305298,1740668520.3526053
3,36,1855,1068,2.381803274154663,1740668520.3856544
3,37,1854,1068,2.3581953048706055,1740668520.420002
3,38,1853,1066,2.3316526412963867,1740668520.4503238
3,39,1848,1062,2.356405258178711,1740668520.485318
3,40,1844,1058,2.3607990741729736,1740668520.520628
3,41,1841,1051,2.730707883834839,1740668520.552214
3,42,1841,1048,2.840359926223755,1740668520.5778418
3,43,1842,1046,2.9627609252929688,1740668520.6078746
3,44,1842,1045,2.9719467163085938,1740668520.6367805
3,45,1842,1045,2.98553466796875,1740668520.6690767
3,46,1841,1044,2.984023332595825,1740668520.7005894
3,47,1842,1044,2.8378989696502686,1740668520.728183
3,48,1838,1044,2.418731927871704,1740668520.7569585
3,49,1834,1041,2.102911949157715,1740668520.7863677
3,50,1826,1038,2.1372270584106445,1740668520.8190188
3,51,1821,1033,2.137213706970215,1740668520.8523436
3,52,1813,1029,2.269021987915039,1740668520.8870037
3,53,1810,1024,2.2616660594940186,1740668520.9120128
3,54,1805,1019,2.6238491535186768,1740668520.9390693
3,55,1804,1016,2.7235264778137207,1740668520.9719484
3,56,1804,1015,2.7048633098602295,1740668521.0029864
3,57,1803,1014,2.7223830223083496,1740668521.0380602
3,58,1803,1014,2.7236039638519287,1740668521.0684226
3,59,1802,1013,2.6453769207000732,1740668521.1011207
3,60,1800,1010,2.7101080417633057,1740668521.1342137
3,61,1798,1006,2.657465934753418,1740668521.163033
3,62,1796,1002,2.757658004760742,1740668521.1899097
3,63,1794,996,2.6794593334198,1740668521.220255
3,64,1792,991,2.738273859024048,1740668521.252997
3,65,1791,987,2.8136610984802246,1740668521.2866724
3,66,1791,983,2.870579719543457,1740668521.3217456
3,67,1788,979,2.7420496940612793,1740668521.3582284
3,68,1785,977,2.442758321762085,1740668521.3898075
3,69,1780,975,2.259380578994751,1740668521.4207184
3,70,1774,974,1.9421987533569336,1740668521.4551156
3,71,1768,973,2.0202953815460205,1740668521.4857438
3,72,1759,967,2.093780994415283,1740668521.5184758
3,73,1752,963,2.0940494537353516,1740668521.5486357
3,74,1741,957,2.1022355556488037,1740668521.5739374
3,75,1733,949,2.174772262573242,1740668521.6041596
3,76,1724,942,2.292879343032837,1740668521.6393642
3,77,1718,936,2.296513557434082,1740668521.6705456
3,78,1712,929,2.407005786895752,1740668521.7043717
3,79,1707,920,2.5567920207977295,1740668521.7377617
3,80,1706,913,3.0030477046966553,1740668521.7712715
3,81,1707,902,3.1367783546447754,1740668521.8055866
3,82,1707,892,3.033658981323242,1740668521.8381793
3,83,1706,879,3.1040518283843994,1740668521.8731341
3,84,1707,868,3.0859198570251465,1740668521.9050255
3,85,1707,857,0.04018425941467285,1740668521.9376192
3,86,1708,848,0.058916620910167694,1740668521.9697928
3,87,1708,838,0.11357066035270691,1740668521.9940436
3,88,1709,829,0.13684917986392975,1740668522.0234234
3,89,1711,820,0.22316384315490723,1740668522.0561907
3,90,1716,813,0.499070942401886,1740668522.0900133
3,91,1722,807,0.6960121393203735,1740668522.1224456
3,92,1729,802,0.7408645153045654,1740668522.1550066
3,93,1735,797,0.7227020263671875,1740668522.1872032
3,94,1742,787,0.6464552283287048,1740668522.222684
3,95,1747,781,0.7691746950149536,1740668522.272691
3,96,1755,774,0.83528071641922,1740668522.3062327
3,97,1762,769,0.9460337162017822,1740668522.3400717
3,98,1770,765,0.9521710276603699,1740668522.373688
3,99,1776,764,1.390892744064331,1740668522.4058633
3,100,1783,766,1.428928017616272,1740668522.442488
3,101,1789,766,1.5131137371063232,1740668522.4779942
3,102,1793,768,1.6723123788833618,1740668522.5080376
3,103,1800,771,1.8493674993515015,1740668522.54082
3,104,1806,772,1.9853522777557373,1740668522.5746055
3,105,1811,778,2.085742950439453,1740668522.606223
3,106,1813,781,2.2656760215759277,1740668522.6395185
3,107,1817,787,2.2155532836914062,1740668522.673455
3,108,1822,788,2.074878215789795,1740668522.7079058
3,109,1829,788,1.5984852313995361,1740668522.7411137
3,110,1835,786,1.5342973470687866,1740668522.7748165
3,111,1845,787,1.551026701927185,1740668522.8089738
3,112,1852,787,1.6247481107711792,1740668522.8444061
3,113,1859,788,1.6677219867706299,1740668522.878244
3,114,1869,788,1.6728013753890991,1740668522.9113834
3,115,1872,789,1.7767150402069092,1740668522.942098
3,116,1872,790,1.898030161857605,1740668522.9739575
3,117,1872,790,1.9605541229248047,1740668523.007106
3,118,1872,790,1.9274638891220093,1740668523.0400133
3,119,1872,791,2.003265619277954,1740668523.0803952
3,120,1876,793,1.9779822826385498,1740668523.1269886
3,121,1881,797,2.008565902709961,1740668523.157898
3,122,1887,800,2.1186676025390625,1740668523.1919255
3,123,1892,805,2.1310856342315674,1740668523.229768
3,124,1897,808,2.129838466644287,1740668523.2600558
3,125,1904,812,2.0849595069885254,1740668523.2910259
3,126,1912,814,1.742102026939392,1740668523.324021
3,127,1922,813,1.4697426557540894,1740668523.3572156
3,128,1929,810,1.4193209409713745,1740668523.3905602
3,129,1940,809,1.3374607563018799,1740668523.4243445
3,130,1945,806,1.3627806901931763,1740668523.4581563
3,131,1954,806,1.4362459182739258,1740668523.491187
3,132,1961,807,1.5559018850326538,1740668523.5293248
3,133,1970,811,1.971549391746521,1740668523.5641646
3,134,1976,815,2.020941972732544,1740668523.5926502
3,135,1983,818,2.119502544403076,1740668523.6262321
3,136,1993,825,2.1309261322021484,1740668523.6581297
3,137,2000,830,2.1419951915740967,1740668523.6921666
3,138,2009,838,2.221937417984009,1740668523.7243516
3,139,2016,843,2.177713632583618,1740668523.7581606
3,140,2025,850,2.200042963027954,1740668523.790508
3,141,2035,859,2.2595670223236084,1740668523.8265982
3,142,2043,865,2.2734158039093018,1740668523.8597946
3,143,2049,871,2.141563892364502,1740668523.8919353
3,144,2058,876,2.1518654823303223,1740668523.9251661
3,145,2066,882,2.104661703109741,1740668523.9577575
3,146,2072,888,2.345775842666626,1740668523.9900873
3,147,2076,898,2.5506601333618164,1740668524.021922
3,148,2079,906,2.790987253189087,1740668524.0561836
3,149,2082,916,2.810725688934326,1740668524.0927014
3,150,2085,925,2.7065865993499756,1740668524.1246712
3,151,2093,936,2.375173568725586,1740668524.1577346
3,152,2099,938,1.9702335596084595,1740668524.18987
3,153,2109,937,1.726338267326355,1740668524.2251315
3,154,2117,938,1.6219415664672852,1740668524.2605205
4,0,423,664,0.15682561695575714,1740668519.2720244
4,1,424,665,0.16088157892227173,1740668519.303096
4,2,424,669,0.19435052573680878,1740668519.334228
4,3,423,671,0.26650044322013855,1740668519.3704998
4,4,422,673,0.3955775201320648,1740668519.4110353
4,5,420,674,0.4560076594352722,1740668519.44104
4,6,417,674,0.22822196781635284,1740668519.469194
4,7,419,673,0.21772922575473785,1740668519.5004003
4,8,417,675,0.2122250646352768,1740668519.5345776
4,9,416,676,0.4663224220275879,1740668519.5679004
4,10,413,677,0.48113346099853516,1740668519.5919452
4,11,411,676,0.5290288329124451,1740668519.62554
4,12,410,675,0.46107372641563416,1740668519.651826
4,13,409,676,0.4433321952819824,1740668519.680887
4,14,409,679,0.5397520661354065,1740668519.7100337
4,15,410,680,0.5061272978782654,1740668519.7436602
4,16,409,681,0.43441241979599,1740668519.7830203
4,17,407,683,0.5052694082260132,1740668519.812623
4,18,406,684,0.6051210165023804,1740668519.8524423
4,19,406,685,0.598278284072876,1740668519.877087
4,20,406,688,0.6521497368812561,1740668519.902797
4,21,404,689,0.6791577935218811,1740668519.9270103
4,22,403,690,0.5237978100776672,1740668519.9532974
4,23,400,693,0.6192900538444519,1740668519.9835093
4,24,399,693,0.5417962670326233,1740668520.011047
4,25,399,692,0.5215581059455872,1740668520.0498407
4,26,399,693,0.6491086483001709,1740668520.078313
4,27,399,693,0.6948350667953491,1740668520.1170616
4,28,400,694,0.7698320746421814,1740668520.1423404
4,29,399,695,0.7321001887321472,1740668520.1705174
4,30,398,697,0.7516737580299377,1740668520.2014
4,31,398,697,0.7514791488647461,1740668520.2272043
4,32,398,696,0.7261422276496887,1740668520.2601166
4,33,398,699,0.614934504032135,1740668520.2890677
4,34,399,701,0.7672968506813049,1740668520.3202531
4,35,399,701,0.717048704624176,1740668520.3526053
4,36,398,701,0.5020865201950073,1740668520.3856544
4,37,397,702,0.6502979397773743,1740668520.420002
4,38,396,703,0.6303959488868713,1740668520.4503238
4,39,394,705,0.41829028725624084,1740668520.485318
4,40,394,707,0.4037382900714874,1740668520.520628
4,41,392,709,0.5776970982551575,1740668520.552214
4,42,391,710,0.5487908720970154,1740668520.5778418
4,43,390,711,0.47887346148490906,1740668520.6078746
4,44,389,711,0.5012353658676147,1740668520.6367805
4,45,389,711,0.34686562418937683,1740668520.6690767
4,46,389,712,0.29166388511657715,1740668520.7005894
4,47,388,712,0.4121635854244232,1740668520.728183
4,48,389,713,0.3482677936553955,1740668520.7569585
4,49,387,714,0.48067355155944824,1740668520.7863677
4,50,387,715,0.5034040808677673,1740668520.8190188
4,51,386,716,0.40954217314720154,1740668520.8523436
4,52,385,718,0.3762320280075073,1740668520.8870037
4,53,385,719,0.2846522927284241,1740668520.9120128
4,54,384,719,0.3689802289009094,1740668520.9390693
4,55,384,721,0.3980439007282257,1740668520.9719484
4,56,384,721,0.4179133176803589,1740668521.0029864
4,57,384,722,0.4887186288833618,1740668521.0380602
4,58,384,724,0.562262237071991,1740668521.0684226
4,59,384,722,0.5139217972755432,1740668521.1011207
4,60,383,722,0.46567103266716003,1740668521.1342137
4,61,382,722,0.452956885099411,1740668521.163033
4,62,383,722,0.4140240550041199,1740668521.1899097
4,63,382,723,0.4007856845855713,1740668521.220255
4,64,381,724,0.415948748588562,1740668521.252997
4,65,380,725,0.4218580722808838,1740668521.2866724
4,66,383,722,0.3413671553134918,1740668521.3217456
4,67,382,724,0.38649702072143555,1740668521.3582284
4,68,379,724,0.3760263919830322,1740668521.3898075
4,69,380,724,0.45523884892463684,1740668521.4207184
4,70,381,723,0.46605440974235535,1740668521.4551156
4,71,381,724,0.5358993411064148,1740668521.4857438
4,72,380,725,0.4303080141544342,1740668521.5184758
4,73,379,728,0.3896588981151581,1740668521.5486357
4,74,378,729,0.3685357868671417,1740668521.5739374
4,75,378,729,0.3939894139766693,1740668521.6041596
4,76,378,729,0.4188978374004364,1740668521.6393642
4,77,378,729,0.4055546522140503,1740668521.6705456
4,78,377,727,0.3201811611652374,1740668521.7043717
4,79,374,726,0.1844109445810318,1740668521.7377617
4,80,374,726,0.17135518789291382,1740668521.7712715
4,81,373,727,0.11922100931406021,1740668521.8055866
4,82,373,726,0.06855245679616928,1740668521.8381793
4,83,374,727,0.0969291552901268,1740668521.8731341
4,84,374,728,0.09535567462444305,1740668521.9050255
4,85,374,729,0.14207229018211365,1740668521.9376192
4,86,373,730,0.11704005300998688,1740668521.9697928
4,87,374,729,0.06243627518415451,1740668521.9940436
4,88,375,730,0.10654227435588837,1740668522.0234234
4,89,374,731,0.09849629551172256,1740668522.0561907
4,90,374,732,0.06777520477771759,1740668522.0900133
4,91,373,734,0.034900978207588196,1740668522.1224456
4,92,373,736,0.13765257596969604,1740668522.1550066
4,93,374,736,0.11526449024677277,1740668522.1872032
4,94,373,736,0.1501757651567459,1740668522.222684
4,95,374,736,0.16359369456768036,1740668522.272691
4,96,373,738,0.08162017166614532,1740668522.3062327
4,97,371,740,0.0012585535878315568,1740668522.3400717
4,98,371,740,0.11228446662425995,1740668522.373688
4,99,371,741,0.15839624404907227,1740668522.4058633
4,100,371,743,0.17627263069152832,1740668522.442488
4,101,370,746,0.2007003277540207,1740668522.4779942
4,102,369,745,0.1913273185491562,1740668522.5080376
4,103,369,744,0.19366084039211273,1740668522.54082
4,104,368,747,0.315550297498703,1740668522.5746055
4,105,367,750,0.4008502960205078,1740668522.606223
4,106,366,749,0.3972899317741394,1740668522.6395185
4,107,365,750,0.4555167257785797,1740668522.673455
4,108,366,751,0.49119314551353455,1740668522.7079058
4,109,366,751,0.44501543045043945,1740668522.7411137
4,110,366,752,0.5877901911735535,1740668522.7748165
4,111,369,755,0.7243645191192627,1740668522.8089738
4,112,369,753,0.6744198203086853,1740668522.8444061
4,113,367,753,0.5168793797492981,1740668522.878244
4,114,365,754,0.4858546257019043,1740668522.9113834
4,115,365,754,0.5195754766464233,1740668522.942098
4,116,365,754,0.6335248947143555,1740668522.9739575
4,117,364,756,0.68016517162323,1740668523.007106
4,118,362,758,0.7755246162414551,1740668523.0400133
4,119,362,758,0.6848113536834717,1740668523.0803952
4,120,361,759,0.6560879349708557,1740668523.1269886
4,121,361,760,0.6654003262519836,1740668523.157898
4,122,361,761,0.7935075163841248,1740668523.1919255
4,123,361,760,0.7265592813491821,1740668523.229768
4,124,358,763,0.7919671535491943,1740668523.2600558
4,125,355,763,0.5002871155738831,1740668523.2910259
4,126,352,764,0.6544522047042847,1740668523.324021
4,127,350,764,0.6225509643554688,1740668523.3572156
4,128,349,764,0.5371565222740173,1740668523.3905602
4,129,350,765,0.6236969232559204,1740668523.4243445
4,130,350,765,0.5519704818725586,1740668523.4581563
4,131,349,766,0.5474827885627747,1740668523.491187
4,132,350,766,0.5139941573143005,1740668523.5293248
4,133,349,766,0.4440685510635376,1740668523.5641646
4,134,347,766,0.4438004493713379,1740668523.5926502
4,135,346,767,0.4035523533821106,1740668523.6262321
4,136,343,768,0.43614381551742554,1740668523.6581297
4,137,341,769,0.514083743095398,1740668523.6921666
4,138,342,771,0.5328031182289124,1740668523.7243516
4,139,341,773,0.4535244405269623,1740668523.7581606
4,140,341,775,0.5758507251739502,1740668523.790508
4,141,338,774,0.3602682650089264,1740668523.8265982
4,142,336,775,0.15599308907985687,1740668523.8597946
4,143,334,776,0.21005767583847046,1740668523.8919353
4,144,332,778,0.34470275044441223,1740668523.9251661
4,145,331,777,0.3481564521789551,1740668523.9577575
4,146,331,778,0.4114515781402588,1740668523.9900873
4,147,331,780,0.2609250843524933,1740668524.021922
4,148,331,780,0.26959526538848877,1740668524.0561836
4,149,331,783,0.34298175573349,1740668524.0927014
4,150,330,784,0.31305572390556335,1740668524.1246712
4,151,329,787,0.32332369685173035,1740668524.1577346
4,152,328,789,0.35188597440719604,1740668524.18987
4,153,327,793,0.4201027750968933,1740668524.2251315
4,154,327,794,0.4327923059463501,1740668524.2605205
5,0,319,1787,1.959488868713379,1740668519.2720244
5,1,319,1787,2.0017685890197754,1740668519.303096
5,2,319,1787,1.9895206689834595,1740668519.334228
5,3,319,1787,1.9895206689834595,1740668519.3704998
5,4,319,1787,1.9809393882751465,1740668519.4110353
5,5,319,1787,1.971495509147644,1740668519.44104
5,6,321,1788,1.8722155094146729,1740668519.469194
5,7,325,1790,1.9921703338623047,1740668519.5004003
5,8,330,1793,2.0407655239105225,1740668519.5345776
5,9,332,1792,2.137822389602661,1740668519.5679004
5,10,335,1794,2.111703395843506,1740668519.5919452
5,11,336,1793,1.8485349416732788,1740668519.62554
5,12,339,1793,1.6650937795639038,1740668519.651826
5,13,346,1792,1.53461492061615,1740668519.680887
5,14,352,1791,1.5045136213302612,1740668519.7100337
5,15,358,1792,1.48176908493042,1740668519.7436602
5,16,364,1790,1.4737915992736816,1740668519.7830203
5,17,372,1789,1.4214857816696167,1740668519.812623
5,18,378,1787,1.3955926895141602,1740668519.8524423
5,19,387,1788,1.5413484573364258,1740668519.877087
5,20,393,1788,1.6943092346191406,1740668519.902797
5,21,399,1790,1.7344681024551392,1740668519.9270103
5,22,406,1788,1.4546831846237183,1740668519.9532974
5,23,413,1787,1.3679002523422241,1740668519.9835093
5,24,420,1784,1.3027368783950806,1740668520.011047
5,25,428,1784,1.267731785774231,1740668520.0498407
5,26,435,1781,1.323745608329773,1740668520.078313
5,27,444,1780,1.344727635383606,1740668520.1170616
5,28,452,1780,1.6235569715499878,1740668520.1423404
5,29,457,1781,1.8219314813613892,1740668520.1705174
5,30,464,1782,1.8736064434051514,1740668520.2014
5,31,469,1784,1.8779103755950928,1740668520.2272043
5,32,474,1784,1.8501166105270386,1740668520.2601166
5,33,479,1785,1.8093417882919312,1740668520.2890677
5,34,483,1786,1.7910054922103882,1740668520.3202531
5,35,488,1785,1.7579957246780396,1740668520.3526053
5,36,492,1784,1.57915198802948,1740668520.3856544
5,37,498,1781,1.3326393365859985,1740668520.420002
5,38,502,1780,1.3003708124160767,1740668520.4503238
5,39,509,1777,1.192922830581665,1740668520.485318
5,40,515,1775,1.191198706626892,1740668520.520628
5,41,523,1773,1.2100143432617188,1740668520.552214
5,42,529,1770,1.1856446266174316,1740668520.5778418
5,43,535,1768,1.1655185222625732,1740668520.6078746
5,44,541,1765,1.088180422782898,1740668520.6367805
5,45,549,1763,1.0104374885559082,1740668520.6690767
5,46,556,1757,0.9687122106552124,1740668520.7005894
5,47,561,1753,0.801971971988678,1740668520.728183
5,48,564,1747,0.459480881690979,1740668520.7569585
5,49,565,1743,0.3618896007537842,1740668520.7863677
5,50,568,1735,0.2796228528022766,1740668520.8190188
5,51,573,1728,0.4141968786716461,1740668520.8523436
5,52,578,1720,0.5637569427490234,1740668520.8870037
5,53,583,1715,0.612159013748169,1740668520.9120128
5,54,587,1713,0.8106505274772644,1740668520.9390693
5,55,589,1711,1.0977026224136353,1740668520.9719484
5,56,591,1711,1.1293420791625977,1740668521.0029864
5,57,595,1710,1.0553632974624634,1740668521.0380602
5,58,597,1708,1.0171880722045898,1740668521.0684226
5,59,601,1705,0.9915115237236023,1740668521.1011207
5,60,603,1704,0.93594890832901,1740668521.1342137
5,61,606,1702,0.828207790851593,1740668521.163033
5,62,606,1700,0.4268914759159088,1740668521.1899097
5,63,604,1698,0.005112853366881609,1740668521.220255
5,64,602,1695,2.822638750076294,1740668521.252997
5,65,600,1691,2.7657618522644043,1740668521.2866724
5,66,596,1686,2.6056206226348877,1740668521.3217456
5,67,592,1682,2.5624918937683105,1740668521.3582284
5,68,589,1678,2.419935703277588,1740668521.3898075
5,69,588,1675,2.41278076171875,1740668521.4207184
5,70,585,1671,2.57082200050354,1740668521.4551156
5,71,584,1666,2.6314027309417725,1740668521.4857438
5,72,584,1660,2.827029228210449,1740668521.5184758
5,73,584,1655,2.9214773178100586,1740668521.5486357
5,74,584,1649,2.998699426651001,1740668521.5739374
5,75,582,1647,2.914353132247925,1740668521.6041596
5,76,581,1643,2.8781986236572266,1740668521.6393642
5,77,581,1639,2.8845391273498535,1740668521.6705456
5,78,580,1636,2.8460822105407715,1740668521.7043717
5,79,578,1631,2.9179089069366455,1740668521.7377617
5,80,579,1628,2.88325572013855,1740668521.7712715
5,81,579,1623,0.05765293166041374,1740668521.8055866
5,82,580,1620,0.20451118052005768,1740668521.8381793
5,83,584,1614,0.21611464023590088,1740668521.8731341
5,84,585,1610,0.2537952959537506,1740668521.9050255
5,85,586,1604,0.24044832587242126,1740668521.9376192
5,86,588,1600,0.16435718536376953,1740668521.9697928
5,87,589,1597,0.3484993278980255,1740668521.9940436
5,88,591,1596,0.44411933422088623,1740668522.0234234
5,89,593,1595,0.5125758051872253,1740668522.0561907
5,90,595,1591,0.45216917991638184,1740668522.0900133
5,91,598,1587,0.5016442537307739,1740668522.1224456
5,92,601,1583,0.30943563580513,1740668522.1550066
5,93,599,1582,3.003474235534668,1740668522.1872032
5,94,598,1577,2.880824327468872,1740668522.222684
5,95,596,1571,2.884068250656128,1740668522.272691
5,96,595,1563,2.8247263431549072,1740668522.3062327
5,97,595,1556,2.802541971206665,1740668522.3400717
5,98,594,1551,2.9085023403167725,1740668522.373688
5,99,594,1548,2.968074321746826,1740668522.4058633
5,100,596,1544,0.0017044289270415902,1740668522.442488
5,101,598,1542,0.32776156067848206,1740668522.4779942
5,102,600,1537,0.32385197281837463,1740668522.5080376
5,103,603,1532,0.23042522370815277,1740668522.54082
5,104,605,1526,0.3342614471912384,1740668522.5746055
5,105,609,1521,0.6111774444580078,1740668522.606223
5,106,612,1520,0.7597904801368713,1740668522.6395185
5,107,617,1516,0.8619315028190613,1740668522.673455
5,108,623,1514,0.8477450013160706,1740668522.7079058
5,109,629,1508,0.8092221617698669,1740668522.7411137
5,110,631,1505,0.5920591354370117,1740668522.7748165
5,111,633,1499,0.09724035114049911,1740668522.8089738
5,112,632,1495,0.04378543794155121,1740668522.8444061
5,113,633,1490,3.0614447593688965,1740668522.878244
5,114,633,1485,3.1249873638153076,1740668522.9113834
5,115,633,1481,0.06081404909491539,1740668522.942098
5,116,635,1475,0.019029514864087105,1740668522.9739575
5,117,635,1471,3.115326166152954,1740668523.007106
5,118,635,1468,0.04618820175528526,1740668523.0400133
5,119,634,1466,3.0843706130981445,1740668523.0803952
5,120,633,1465,2.783494234085083,1740668523.1269886
5,121,632,1463,2.6171326637268066,1740668523.157898
5,122,628,1458,2.467362403869629,1740668523.1919255
5,123,624,1455,2.494455575942993,1740668523.229768
5,124,622,1451,2.520681858062744,1740668523.2600558
5,125,621,1446,2.4688467979431152,1740668523.2910259
5,126,619,1442,2.699129104614258,1740668523.324021
5,127,618,1438,3.1185896396636963,1740668523.3572156
5,128,620,1434,0.15954247117042542,1740668523.3905602
5,129,621,1429,0.16907306015491486,1740668523.4243445
5,130,623,1425,0.12725035846233368,1740668523.4581563
5,131,626,1419,0.12469160556793213,1740668523.491187
5,132,625,1417,0.11701823770999908,1740668523.5293248
5,133,625,1413,0.09114066511392593,1740668523.5641646
5,134,626,1410,0.027990683913230896,1740668523.5926502
5,135,627,1405,0.09683244675397873,1740668523.6262321
5,136,628,1401,0.4238468408584595,1740668523.6581297
5,137,631,1397,0.5655401945114136,1740668523.6921666
5,138,635,1392,0.5540868639945984,1740668523.7243516
5,139,635,1389,0.4520021975040436,1740668523.7581606
5,140,635,1384,0.22624880075454712,1740668523.790508
5,141,635,1380,0.2319406121969223,1740668523.8265982
5,142,635,1374,0.14795202016830444,1740668523.8597946
5,143,636,1369,3.093858480453491,1740668523.8919353
5,144,636,1361,0.07594425976276398,1740668523.9251661
5,145,638,1356,0.07904986292123795,1740668523.9577575
5,146,640,1350,0.11839503794908524,1740668523.9900873
5,147,641,1343,0.16383129358291626,1740668524.021922
5,148,644,1339,0.2197415679693222,1740668524.0561836
5,149,644,1336,0.2139599472284317,1740668524.0927014
5,150,643,1335,0.19741235673427582,1740668524.1246712
5,151,642,1334,0.17722709476947784,1740668524.1577346
5,152,641,1332,0.11937505751848221,1740668524.18987
5,153,639,1329,3.107370615005493,1740668524.2251315
5,154,639,1327,3.1242246627807617,1740668524.2605205
6,0,2432,805,3.099893569946289,1740668519.2720244
6,1,2430,809,0.14457491040229797,1740668519.303096
6,2,2426,816,0.2963252663612366,1740668519.334228
6,3,2423,820,0.332712322473526,1740668519.3704998
6,4,2418,827,0.5044562220573425,1740668519.4110353
6,5,2415,831,0.4476145803928375,1740668519.44104
6,6,2414,836,0.32224878668785095,1740668519.469194
6,7,2413,841,0.24298326671123505,1740668519.5004003
6,8,2413,850,0.20376381278038025,1740668519.5345776
6,9,2411,852,0.17552539706230164,1740668519.5679004
6,10,2409,854,0.19632458686828613,1740668519.5919452
6,11,2406,857,0.22198627889156342,1740668519.62554
6,12,2405,857,0.2869241535663605,1740668519.651826
6,13,2401,862,0.44287580251693726,1740668519.680887
6,14,2399,864,0.73988276720047,1740668519.7100337
6,15,2393,867,0.9220662713050842,1740668519.7436602
6,16,2388,869,0.9823843240737915,1740668519.7830203
6,17,2381,875,0.8087437152862549,1740668519.812623
6,18,2378,876,0.6762402653694153,1740668519.8524423
6,19,2376,879,0.714216947555542,1740668519.877087
6,20,2374,881,0.73114013671875,1740668519.902797
6,21,2371,882,0.7727856040000916,1740668519.9270103
6,22,2369,883,0.9543650150299072,1740668519.9532974
6,23,2366,885,1.0068469047546387,1740668519.9835093
6,24,2365,887,0.8486232757568359,1740668520.011047
6,25,2365,887,0.8199297189712524,1740668520.0498407
6,26,2365,887,0.8382171988487244,1740668520.078313
6,27,2365,887,0.8025915026664734,1740668520.1170616
6,28,2366,889,0.6866714954376221,1740668520.1423404
6,29,2365,890,0.6175636053085327,1740668520.1705174
6,30,2365,890,0.5901423096656799,1740668520.2014
6,31,2364,891,0.5881507396697998,1740668520.2272043
6,32,2364,891,0.49165812134742737,1740668520.2601166
6,33,2363,894,0.30254873633384705,1740668520.2890677
6,34,2364,897,0.2521233856678009,1740668520.3202531
6,35,2364,897,0.19702647626399994,1740668520.3526053
6,36,2364,898,0.18652188777923584,1740668520.3856544
6,37,2364,898,0.1430482417345047,1740668520.420002
6,38,2364,901,0.12688225507736206,1740668520.4503238
6,39,2363,905,0.05103445053100586,1740668520.485318
6,40,2363,907,3.105238199234009,1740668520.520628
6,41,2365,907,2.777226448059082,1740668520.552214
6,42,2366,906,2.572535753250122,1740668520.5778418
6,43,2366,906,2.568636894226074,1740668520.6078746
6,44,2367,906,2.589599370956421,1740668520.6367805
6,45,2367,906,2.564281940460205,1740668520.6690767
6,46,2367,907,2.4889111518859863,1740668520.7005894
6,47,2367,908,2.5169618129730225,1740668520.728183
6,48,2367,908,2.5205445289611816,1740668520.7569585
6,49,2367,908,2.5396196842193604,1740668520.7863677
6,50,2367,909,2.5084078311920166,1740668520.8190188
6,51,2367,910,2.5620548725128174,1740668520.8523436
6,52,2368,912,2.5624947547912598,1740668520.8870037
6,53,2368,913,2.5721428394317627,1740668520.9120128
6,54,2368,913,2.567593574523926,1740668520.9390693
6,55,2368,913,2.571218490600586,1740668520.9719484
6,56,2368,913,2.571218490600586,1740668521.0029864
6,57,2368,913,2.5700926780700684,1740668521.0380602
6,58,2368,913,2.544243574142456,1740668521.0684226
6,59,2368,913,2.551522970199585,1740668521.1011207
6,60,2368,913,2.551522970199585,1740668521.1342137
6,61,2368,913,2.6030101776123047,1740668521.163033
6,62,2368,914,2.6970977783203125,1740668521.1899097
6,63,2368,915,2.7382874488830566,1740668521.220255
6,64,2368,915,2.7104716300964355,1740668521.252997
6,65,2369,916,2.722696542739868,1740668521.2866724
6,66,2369,917,2.7544612884521484,1740668521.3217456
6,67,2369,917,2.7444982528686523,1740668521.3582284
6,68,2369,918,2.7451987266540527,1740668521.3898075
6,69,2369,918,2.806565761566162,1740668521.4207184
6,70,2370,919,2.8551313877105713,1740668521.4551156
6,71,2370,919,2.8742716312408447,1740668521.4857438
6,72,2370,919,2.9071807861328125,1740668521.5184758
6,73,2370,920,2.859858989715576,1740668521.5486357
6,74,2369,921,3.0985405445098877,1740668521.5739374
6,75,2367,924,0.02978859283030033,1740668521.6041596
6,76,2366,929,0.13800568878650665,1740668521.6393642
6,77,2365,932,0.15918444097042084,1740668521.6705456
6,78,2365,936,0.12265229225158691,1740668521.7043717
6,79,2364,941,0.012315202504396439,1740668521.7377617
6,80,2366,946,0.011436999775469303,1740668521.7712715
6,81,2365,952,3.055724859237671,1740668521.8055866
6,82,2366,952,3.0020294189453125,1740668521.8381793
6,83,2367,955,2.9557249546051025,1740668521.8731341
6,84,2368,956,3.0060956478118896,1740668521.9050255
6,85,2368,957,3.0117928981781006,1740668521.9376192
6,86,2368,957,3.0569167137145996,1740668521.9697928
6,87,2368,958,3.018224000930786,1740668521.9940436
6,88,2367,960,3.060542106628418,1740668522.0234234
6,89,2366,963,0.045739755034446716,1740668522.0561907
6,90,2365,968,0.1895705610513687,1740668522.0900133
6,91,2363,972,0.2052280306816101,1740668522.1224456
6,92,2361,981,0.17709077894687653,1740668522.1550066
6,93,2360,985,0.1531459540128708,1740668522.1872032
6,94,2361,989,3.068244218826294,1740668522.222684
6,95,2363,990,2.867098093032837,1740668522.272691
6,96,2364,990,2.7764909267425537,1740668522.3062327
6,97,2364,990,2.7750580310821533,1740668522.3400717
6,98,2364,990,2.7640838623046875,1740668522.373688
6,99,2364,990,2.782562494277954,1740668522.4058633
6,100,2365,991,2.6647374629974365,1740668522.442488
6,101,2366,991,2.553140163421631,1740668522.4779942
6,102,2366,991,2.493382215499878,1740668522.5080376
6,103,2366,991,2.462247610092163,1740668522.54082
6,104,2366,991,2.5186994075775146,1740668522.5746055
6,105,2366,991,2.5063834190368652,1740668522.606223
6,106,2367,992,2.4448459148406982,1740668522.6395185
6,107,2367,995,2.5347137451171875,1740668522.673455
6,108,2368,997,2.600268602371216,1740668522.7079058
6,109,2370,1001,2.691962957382202,1740668522.7411137
6,110,2370,1004,2.734905481338501,1740668522.7748165
6,111,2370,1010,2.805107831954956,1740668522.8089738
6,112,2370,1013,2.867783308029175,1740668522.8444061
6,113,2371,1018,2.8477230072021484,1740668522.878244
6,114,2372,1022,2.821789264678955,1740668522.9113834
6,115,2371,1028,2.825512170791626,1740668522.942098
6,116,2372,1033,2.93561053276062,1740668522.9739575
6,117,2373,1039,2.9121692180633545,1740668523.007106
6,118,2374,1046,2.9265549182891846,1740668523.0400133
6,119,2374,1051,2.9578585624694824,1740668523.0803952
6,120,2375,1058,2.9027645587921143,1740668523.1269886
6,121,2377,1061,2.9013307094573975,1740668523.157898
6,122,2378,1064,2.8239872455596924,1740668523.1919255
6,123,2379,1067,2.472067356109619,1740668523.229768
6,124,2387,1074,2.4868791103363037,1740668523.2600558
6,125,2391,1076,2.5333147048950195,1740668523.2910259
6,126,2393,1079,2.364551544189453,1740668523.324021
6,127,2400,1081,2.207227945327759,1740668523.3572156
6,128,2403,1083,2.065201997756958,1740668523.3905602
6,129,2408,1086,2.104458808898926,1740668523.4243445
6,130,2413,1088,2.0807950496673584,1740668523.4581563
6,131,2418,1092,2.1729283332824707,1740668523.491187
6,132,2421,1095,2.1212761402130127,1740668523.5293248
6,133,2428,1101,2.162599563598633,1740668523.5641646
6,134,2431,1103,2.113386869430542,1740668523.5926502
6,135,2438,1109,2.286775827407837,1740668523.6262321
6,136,2438,1111,2.3192248344421387,1740668523.6581297
6,137,2439,1115,2.5015902519226074,1740668523.6921666
6,138,2443,1122,2.6513168811798096,1740668523.7243516
6,139,2445,1129,2.6462271213531494,1740668523.7581606
6,140,2448,1137,2.82753586769104,1740668523.790508
6,141,2450,1139,2.6951498985290527,1740668523.8265982
6,142,2454,1141,2.33909010887146,1740668523.8597946
6,143,2457,1141,2.2385408878326416,1740668523.8919353
6,144,2461,1142,2.0201046466827393,1740668523.9251661
6,145,2464,1142,1.870833158493042,1740668523.9577575
6,146,2466,1141,1.8305468559265137,1740668523.9900873
6,147,2466,1140,1.6818758249282837,1740668524.021922
6,148,2464,1140,1.7616227865219116,1740668524.0561836
6,149,2462,1140,1.9739363193511963,1740668524.0927014
6,150,2461,1139,2.24267315864563,1740668524.1246712
6,151,2460,1140,2.516792058944702,1740668524.1577346
6,152,2460,1141,2.6768648624420166,1740668524.18987
6,153,2460,1146,2.6192104816436768,1740668524.2251315
6,154,2461,1152,2.8459324836730957,1740668524.2605205
